{"valueType":"nodes","values":[{"_typeName":"Day","id":"cjysb8fml825w0b53f9g1cytz","name":"Monday"},{"_typeName":"Day","id":"cjysb8or882af0b53jt03ofjy","name":"Tuesday"},{"_typeName":"Day","id":"cjysb91o082gy0b53n1gwxiju","name":"Wednesday"},{"_typeName":"Day","id":"cjysb97yj82kn0b53cjxonjmh","name":"Thursday"},{"_typeName":"Day","id":"cjysb9gw14onx0b36diwg3qs0","name":"Friday"},{"_typeName":"Day","id":"cjysb9lek4oq20b36nxgspjoz","name":"Saturday"},{"_typeName":"Day","id":"cjysb9qpc82ts0b5347d6vlum","name":"Sunday"}]}